{"cameraMode":{"drawMode":0,"name":"Shaded","section":"Shading Mode"},"sceneLighting":false,"audioPlay":false,"sceneViewState":{"m_AlwaysRefresh":false,"showFog":true,"showSkybox":false,"showFlares":true,"showImageEffects":true,"showParticleSystems":true,"showVisualEffectGraphs":true,"m_FxEnabled":true},"in2DMode":false,"pivot":{"x":0.47926566004753115,"y":0.9990963935852051,"z":0.8155992031097412},"rotation":{"x":0.15890593826770783,"y":0.6714866161346436,"z":-0.1507270634174347,"w":0.7079148292541504},"size":2.200106620788574,"orthographic":false}